image_name,category
n01514859_3837,bird
n01514859_8222,bird
n01530575_3903,bird
n01531178_2725,bird
n01537544_8859,bird
n01558993_12968,bird
n01558993_14305,bird
n01558993_4297,bird
n01558993_6287,bird
n01582220_9857,bird
n01592084_2422,bird
n01592084_3955,bird
n01601694_10499,bird
n01601694_9470,bird
n01616318_3247,bird
n01622779_1364,bird
n01622779_1961,bird
n01622779_9829,bird
n01795545_1515,bird
n01795545_9555,bird
n01796340_11254,bird
n01796340_5058,bird
n01798484_2289,bird
n01798484_3762,bird
n01798484_3874,bird
n01798484_5988,bird
n01817953_1534,bird
n01818515_2312,bird
n01818515_7947,bird
n01818515_8968,bird
n01819313_3638,bird
n01820546_1354,bird
n01820546_4631,bird
n01824575_2244,bird
n01824575_2746,bird
n01824575_3514,bird
n01828970_2030,bird
n01829413_4190,bird
n01829413_5505,bird
n01843065_7445,bird
n01855032_5743,bird
n01855672_7426,bird
n01860187_210,bird
n01860187_38598,bird
n01860187_7878,bird
n02002556_139,bird
n02002556_17975,bird
n02002556_1936,bird
n02002724_1654,bird
n02006656_11301,bird
n02006656_30849,bird
n02007558_7614,bird
n02009229_2294,bird
n02011460_5735,bird
n02011460_7877,bird
n02013706_1024,bird
n02013706_6035,bird
n02017213_15262,bird
n02017213_17013,bird
n02017213_4855,bird
n02025239_2481,bird
n02025239_3073,bird
n02025239_7274,bird
n02027492_1678,bird
n02027492_20576,bird
n02027492_2457,bird
n02027492_9899,bird
n02028035_23375,bird
n02028035_26229,bird
n02028035_4569,bird
n02033041_17119,bird
n02037110_3267,bird
n02037110_3653,bird
n02056570_1691,bird
n02056570_727,bird
n02085936_5775,dog
n02089078_8273,dog
n02089867_5477,dog
n02090379_1687,dog
n02090379_1932,dog
n02090379_3045,dog
n02090721_5305,dog
n02091032_6740,dog
n02091032_7280,dog
n02091134_12017,dog
n02091134_7486,dog
n02091831_6436,dog
n02092339_3174,dog
n02092339_7356,dog
n02093256_12628,dog
n02093647_1494,dog
n02093754_5012,dog
n02093859_2564,dog
n02094114_7024,dog
n02094258_1036,dog
n02094433_5663,dog
n02095570_2773,dog
n02095570_4436,dog
n02096294_12418,dog
n02096437_1559,dog
n02097130_2321,dog
n02097298_8119,dog
n02097658_1316,dog
n02098105_2343,dog
n02098286_2798,dog
n02098286_4425,dog
n02099601_5760,dog
n02099712_4066,dog
n02099849_1285,dog
n02100583_3987,dog
n02100735_10276,dog
n02102040_4392,dog
n02102480_10156,dog
n02102480_12073,dog
n02102973_7074,dog
n02104029_3121,dog
n02104029_7335,dog
n02104365_2334,dog
n02105251_5812,dog
n02105505_1156,dog
n02105641_14112,dog
n02105641_8995,dog
n02106030_17418,dog
n02106030_889,dog
n02106550_6482,dog
n02106662_18900,dog
n02106662_50313,dog
n02106662_5916,dog
n02107312_1546,dog
n02107574_3775,dog
n02107574_4993,dog
n02107908_3447,dog
n02108000_6970,dog
n02108422_12370,dog
n02108551_20183,dog
n02108551_26509,dog
n02108915_7266,dog
n02109047_26931,dog
n02109525_23299,dog
n02109525_53049,dog
n02111129_1530,dog
n02111500_2733,dog
n02111500_4875,dog
n02112018_10174,dog
n02112350_2615,dog
n02113023_14422,dog
n02113624_4001,dog
n02113624_613,dog
n02113712_6618,dog
n02113712_913,dog
n02123045_10431,cat
n02123045_10717,cat
n02123045_2719,cat
n02123045_5057,cat
n02123045_7197,cat
n02123045_7902,cat
n02123045_8127,cat
n02123045_9305,cat
n02123045_9349,cat
n02123159_1008,cat
n02123159_12957,cat
n02123159_2663,cat
n02123159_3996,cat
n02123159_4952,cat
n02123159_5945,cat
n02123159_5950,cat
n02123159_5993,cat
n02123159_6294,cat
n02123159_6483,cat
n02123159_6960,cat
n02123159_7390,cat
n02123159_899,cat
n02123394_1756,cat
n02123394_2461,cat
n02123394_271,cat
n02123394_2765,cat
n02123394_4542,cat
n02123394_4666,cat
n02123394_4894,cat
n02123394_513,cat
n02123394_525,cat
n02123394_6265,cat
n02123394_6698,cat
n02123394_8164,cat
n02123394_8605,cat
n02123597_10,cat
n02123597_11271,cat
n02123597_11798,cat
n02123597_12232,cat
n02123597_1367,cat
n02123597_1601,cat
n02123597_334,cat
n02123597_4813,cat
n02123597_5951,cat
n02123597_6333,cat
n02123597_6517,cat
n02123597_7497,cat
n02124075_10035,cat
n02124075_10088,cat
n02124075_11068,cat
n02124075_13772,cat
n02124075_15031,cat
n02124075_2643,cat
n02124075_2843,cat
n02124075_379,cat
n02124075_4189,cat
n02124075_4933,cat
n02124075_5848,cat
n02124075_6586,cat
n02124075_7323,cat
n02124075_7520,cat
n02125311_12020,cat
n02125311_1469,cat
n02125311_20209,cat
n02125311_2064,cat
n02125311_26497,cat
n02125311_28447,cat
n02125311_36651,cat
n02125311_37753,cat
n02125311_41798,cat
n02125311_4683,cat
n02125311_5229,cat
n02125311_60143,cat
n02125311_8689,cat
n02125311_9356,cat
n02132136_10445,bear
n02132136_131,bear
n02132136_1393,bear
n02132136_1467,bear
n02132136_20607,bear
n02132136_2313,bear
n02132136_23853,bear
n02132136_25168,bear
n02132136_25897,bear
n02132136_31133,bear
n02132136_3466,bear
n02132136_50,bear
n02132136_511,bear
n02132136_5138,bear
n02132136_5315,bear
n02132136_6459,bear
n02132136_6777,bear
n02132136_6817,bear
n02132136_6823,bear
n02132136_7507,bear
n02132136_7584,bear
n02132136_7842,bear
n02132136_7863,bear
n02132136_803,bear
n02132136_8650,bear
n02132136_9232,bear
n02132136_9557,bear
n02133161_10324,bear
n02133161_11329,bear
n02133161_12901,bear
n02133161_1427,bear
n02133161_1433,bear
n02133161_14841,bear
n02133161_18639,bear
n02133161_1872,bear
n02133161_2166,bear
n02133161_2399,bear
n02133161_252,bear
n02133161_2756,bear
n02133161_3183,bear
n02133161_4043,bear
n02133161_4685,bear
n02133161_4813,bear
n02133161_489,bear
n02133161_5822,bear
n02133161_7233,bear
n02133161_8679,bear
n02133161_955,bear
n02134084_134,bear
n02134084_16430,bear
n02134084_1689,bear
n02134084_18800,bear
n02134084_20702,bear
n02134084_22426,bear
n02134084_2328,bear
n02134084_23292,bear
n02134084_27094,bear
n02134084_3306,bear
n02134084_3898,bear
n02134084_7387,bear
n02134084_833,bear
n02134418_1083,bear
n02134418_134,bear
n02134418_1674,bear
n02134418_2367,bear
n02134418_2372,bear
n02134418_2884,bear
n02134418_4110,bear
n02134418_4657,bear
n02134418_4696,bear
n02134418_5464,bear
n02134418_5537,bear
n02134418_573,bear
n02134418_603,bear
n02134418_88,bear
n02504013_10341,elephant
n02504013_10346,elephant
n02504013_10410,elephant
n02504013_10580,elephant
n02504013_11159,elephant
n02504013_1455,elephant
n02504013_1515,elephant
n02504013_15276,elephant
n02504013_15825,elephant
n02504013_174,elephant
n02504013_1785,elephant
n02504013_1844,elephant
n02504013_1865,elephant
n02504013_19694,elephant
n02504013_20780,elephant
n02504013_21041,elephant
n02504013_218,elephant
n02504013_2476,elephant
n02504013_2945,elephant
n02504013_2974,elephant
n02504013_3224,elephant
n02504013_3503,elephant
n02504013_3821,elephant
n02504013_3861,elephant
n02504013_4159,elephant
n02504013_4590,elephant
n02504013_4686,elephant
n02504013_4955,elephant
n02504013_5087,elephant
n02504013_5783,elephant
n02504013_593,elephant
n02504013_6081,elephant
n02504013_6118,elephant
n02504013_6148,elephant
n02504013_6212,elephant
n02504013_6722,elephant
n02504013_6857,elephant
n02504013_6865,elephant
n02504013_6897,elephant
n02504013_7659,elephant
n02504013_8614,elephant
n02504013_93,elephant
n02504013_9466,elephant
n02504458_1000,elephant
n02504458_1291,elephant
n02504458_1302,elephant
n02504458_13354,elephant
n02504458_155,elephant
n02504458_1600,elephant
n02504458_1790,elephant
n02504458_2471,elephant
n02504458_2946,elephant
n02504458_3891,elephant
n02504458_3906,elephant
n02504458_4117,elephant
n02504458_4207,elephant
n02504458_4553,elephant
n02504458_4583,elephant
n02504458_5190,elephant
n02504458_5507,elephant
n02504458_5697,elephant
n02504458_6602,elephant
n02504458_6635,elephant
n02504458_6898,elephant
n02504458_6931,elephant
n02504458_7013,elephant
n02504458_7144,elephant
n02504458_7302,elephant
n02504458_7472,elephant
n02504458_7867,elephant
n02504458_7966,elephant
n02504458_800,elephant
n02504458_8103,elephant
n02504458_9213,elephant
n02504458_996,elephant
n02690373_10006,airplane
n02690373_10181,airplane
n02690373_10285,airplane
n02690373_10374,airplane
n02690373_1050,airplane
n02690373_10723,airplane
n02690373_11799,airplane
n02690373_12044,airplane
n02690373_12505,airplane
n02690373_13317,airplane
n02690373_13613,airplane
n02690373_1491,airplane
n02690373_18234,airplane
n02690373_1837,airplane
n02690373_18412,airplane
n02690373_18845,airplane
n02690373_19134,airplane
n02690373_1974,airplane
n02690373_20331,airplane
n02690373_2075,airplane
n02690373_2217,airplane
n02690373_2232,airplane
n02690373_2408,airplane
n02690373_243,airplane
n02690373_2447,airplane
n02690373_2498,airplane
n02690373_2837,airplane
n02690373_2856,airplane
n02690373_2882,airplane
n02690373_2908,airplane
n02690373_3090,airplane
n02690373_3139,airplane
n02690373_3272,airplane
n02690373_3326,airplane
n02690373_3468,airplane
n02690373_3539,airplane
n02690373_3698,airplane
n02690373_3709,airplane
n02690373_3912,airplane
n02690373_4015,airplane
n02690373_4024,airplane
n02690373_4061,airplane
n02690373_4144,airplane
n02690373_4409,airplane
n02690373_4784,airplane
n02690373_5177,airplane
n02690373_5374,airplane
n02690373_5465,airplane
n02690373_5581,airplane
n02690373_5845,airplane
n02690373_6319,airplane
n02690373_6363,airplane
n02690373_6491,airplane
n02690373_6492,airplane
n02690373_6535,airplane
n02690373_6576,airplane
n02690373_6697,airplane
n02690373_6831,airplane
n02690373_7408,airplane
n02690373_7432,airplane
n02690373_763,airplane
n02690373_7748,airplane
n02690373_8592,airplane
n02690373_866,airplane
n02690373_891,airplane
n02690373_9086,airplane
n02690373_9318,airplane
n02690373_9322,airplane
n02690373_9401,airplane
n02690373_9531,airplane
n02690373_9537,airplane
n02690373_9659,airplane
n02690373_9687,airplane
n02690373_9709,airplane
n02690373_971,airplane
n02708093_107,clock
n02708093_1094,clock
n02708093_1128,clock
n02708093_1131,clock
n02708093_1231,clock
n02708093_1430,clock
n02708093_1673,clock
n02708093_1675,clock
n02708093_170,clock
n02708093_2180,clock
n02708093_2361,clock
n02708093_2530,clock
n02708093_2588,clock
n02708093_2650,clock
n02708093_2824,clock
n02708093_2867,clock
n02708093_3289,clock
n02708093_3504,clock
n02708093_3544,clock
n02708093_3601,clock
n02708093_3750,clock
n02708093_404,clock
n02708093_4597,clock
n02708093_4783,clock
n02708093_5127,clock
n02708093_7032,clock
n02708093_7069,clock
n02708093_8073,clock
n02708093_8379,clock
n02708093_864,clock
n02708093_960,clock
n02791124_11523,chair
n02791124_12832,chair
n02791124_16885,chair
n02791124_2009,chair
n02791124_2057,chair
n02791124_3117,chair
n02791124_4261,chair
n02791124_4296,chair
n02791124_4595,chair
n02791124_525,chair
n02791124_60,chair
n02791124_6368,chair
n02791124_6463,chair
n02791124_7824,chair
n02791124_8056,chair
n02814533_12925,car
n02814533_16767,car
n02814533_1934,car
n02814533_25986,car
n02814533_26334,car
n02814533_27484,car
n02814533_27597,car
n02814533_29367,car
n02814533_31493,car
n02814533_3375,car
n02814533_35294,car
n02814533_35442,car
n02814533_3573,car
n02814533_40876,car
n02814533_42481,car
n02814533_4446,car
n02814533_45692,car
n02814533_45714,car
n02814533_5110,car
n02814533_62356,car
n02814533_63116,car
n02814533_73944,car
n02814533_74433,car
n02814533_7769,car
n02814533_82674,car
n02814533_83614,car
n02814533_874,car
n02814533_88088,car
n02814533_96168,car
n02823428_10946,bottle
n02823428_11353,bottle
n02823428_14010,bottle
n02823428_1491,bottle
n02823428_1493,bottle
n02823428_3178,bottle
n02823428_334,bottle
n02823428_4774,bottle
n02823428_7300,bottle
n02823428_7570,bottle
n02823428_8404,bottle
n02835271_10414,bicycle
n02835271_10910,bicycle
n02835271_11922,bicycle
n02835271_11995,bicycle
n02835271_12981,bicycle
n02835271_13489,bicycle
n02835271_1425,bicycle
n02835271_1487,bicycle
n02835271_15087,bicycle
n02835271_15572,bicycle
n02835271_15617,bicycle
n02835271_15639,bicycle
n02835271_15691,bicycle
n02835271_15960,bicycle
n02835271_17617,bicycle
n02835271_18386,bicycle
n02835271_2086,bicycle
n02835271_20903,bicycle
n02835271_21211,bicycle
n02835271_21558,bicycle
n02835271_22549,bicycle
n02835271_2594,bicycle
n02835271_2900,bicycle
n02835271_2960,bicycle
n02835271_3280,bicycle
n02835271_5113,bicycle
n02835271_5814,bicycle
n02835271_5858,bicycle
n02835271_6930,bicycle
n02835271_7311,bicycle
n02835271_7350,bicycle
n02835271_7628,bicycle
n02835271_7900,bicycle
n02835271_8417,bicycle
n02835271_9862,bicycle
n02951358_10162,boat
n02951358_15730,boat
n02951358_2416,boat
n02951358_26227,boat
n02951358_31181,boat
n02951358_31973,boat
n02951358_3452,boat
n02951358_34926,boat
n02951358_35173,boat
n02951358_4451,boat
n02951358_4999,boat
n02951358_6089,boat
n02951358_6617,boat
n02951358_6637,boat
n02951358_7238,boat
n02951358_8041,boat
n02951358_9103,boat
n03041632_11327,knife
n03041632_11495,knife
n03041632_11700,knife
n03041632_11797,knife
n03041632_120,knife
n03041632_12651,knife
n03041632_12748,knife
n03041632_12949,knife
n03041632_13203,knife
n03041632_13509,knife
n03041632_14774,knife
n03041632_16104,knife
n03041632_17338,knife
n03041632_18995,knife
n03041632_20194,knife
n03041632_2058,knife
n03041632_20697,knife
n03041632_21560,knife
n03041632_22286,knife
n03041632_22472,knife
n03041632_22570,knife
n03041632_24277,knife
n03041632_24561,knife
n03041632_25022,knife
n03041632_2630,knife
n03041632_27960,knife
n03041632_29125,knife
n03041632_29276,knife
n03041632_29862,knife
n03041632_3101,knife
n03041632_3171,knife
n03041632_32054,knife
n03041632_3247,knife
n03041632_34676,knife
n03041632_35116,knife
n03041632_35260,knife
n03041632_36280,knife
n03041632_37513,knife
n03041632_37618,knife
n03041632_38996,knife
n03041632_39836,knife
n03041632_40887,knife
n03041632_42196,knife
n03041632_42472,knife
n03041632_4269,knife
n03041632_42841,knife
n03041632_43975,knife
n03041632_44133,knife
n03041632_44230,knife
n03041632_44363,knife
n03041632_45090,knife
n03041632_45326,knife
n03041632_45775,knife
n03041632_4590,knife
n03041632_46091,knife
n03041632_46422,knife
n03041632_47234,knife
n03041632_47410,knife
n03041632_4787,knife
n03041632_4806,knife
n03041632_48062,knife
n03041632_49513,knife
n03041632_50332,knife
n03041632_51225,knife
n03041632_52371,knife
n03041632_54627,knife
n03041632_5640,knife
n03041632_5801,knife
n03041632_5916,knife
n03041632_6309,knife
n03041632_7090,knife
n03041632_76163,knife
n03041632_77022,knife
n03041632_79317,knife
n03041632_87339,knife
n03085013_11359,keyboard
n03085013_11685,keyboard
n03085013_14844,keyboard
n03085013_16115,keyboard
n03085013_16724,keyboard
n03085013_18623,keyboard
n03085013_18763,keyboard
n03085013_19343,keyboard
n03085013_20218,keyboard
n03085013_20349,keyboard
n03085013_2064,keyboard
n03085013_20805,keyboard
n03085013_20877,keyboard
n03085013_21127,keyboard
n03085013_21973,keyboard
n03085013_22175,keyboard
n03085013_22489,keyboard
n03085013_22744,keyboard
n03085013_22928,keyboard
n03085013_22980,keyboard
n03085013_23549,keyboard
n03085013_23648,keyboard
n03085013_23800,keyboard
n03085013_24045,keyboard
n03085013_2432,keyboard
n03085013_25568,keyboard
n03085013_25809,keyboard
n03085013_26325,keyboard
n03085013_2640,keyboard
n03085013_28741,keyboard
n03085013_3595,keyboard
n03085013_3804,keyboard
n03085013_4281,keyboard
n03085013_5726,keyboard
n03085013_6986,keyboard
n03085013_7477,keyboard
n03085013_7613,keyboard
n03100240_10742,car
n03100240_11107,car
n03100240_1194,car
n03100240_12065,car
n03100240_159,car
n03100240_17393,car
n03100240_17417,car
n03100240_17587,car
n03100240_2012,car
n03100240_21334,car
n03100240_2195,car
n03100240_2503,car
n03100240_3073,car
n03100240_3205,car
n03100240_3528,car
n03100240_3928,car
n03100240_4173,car
n03100240_441,car
n03100240_5492,car
n03100240_6507,car
n03100240_6526,car
n03100240_6822,car
n03100240_7113,car
n03100240_8588,car
n03100240_9761,car
n03196217_10634,clock
n03196217_11054,clock
n03196217_11290,clock
n03196217_1423,clock
n03196217_2628,clock
n03196217_3086,clock
n03196217_3272,clock
n03196217_3358,clock
n03196217_3730,clock
n03196217_3868,clock
n03196217_4970,clock
n03196217_5995,clock
n03196217_6467,clock
n03196217_7414,clock
n03196217_7867,clock
n03196217_7918,clock
n03196217_8251,clock
n03196217_8726,clock
n03196217_886,clock
n03344393_10033,boat
n03344393_10556,boat
n03344393_3978,boat
n03344393_399,boat
n03344393_4294,boat
n03344393_5184,boat
n03344393_5423,boat
n03344393_6713,boat
n03344393_6849,boat
n03344393_7018,boat
n03344393_7175,boat
n03344393_732,boat
n03344393_7614,boat
n03344393_8374,boat
n03344393_8399,boat
n03344393_8798,boat
n03376595_1135,chair
n03376595_14240,chair
n03376595_14563,chair
n03376595_15542,chair
n03376595_17811,chair
n03376595_18370,chair
n03376595_19102,chair
n03376595_209,chair
n03376595_2234,chair
n03376595_2716,chair
n03376595_3181,chair
n03376595_3233,chair
n03376595_4242,chair
n03376595_54,chair
n03376595_5876,chair
n03376595_6012,chair
n03376595_7262,chair
n03376595_7516,chair
n03376595_7835,chair
n03376595_7959,chair
n03376595_8917,chair
n03376595_9025,chair
n03376595_9395,chair
n03376595_9536,chair
n03376595_9650,chair
n03417042_10885,truck
n03417042_10965,truck
n03417042_1126,truck
n03417042_11306,truck
n03417042_12013,truck
n03417042_12509,truck
n03417042_12626,truck
n03417042_15179,truck
n03417042_16403,truck
n03417042_17513,truck
n03417042_1790,truck
n03417042_1853,truck
n03417042_19596,truck
n03417042_21270,truck
n03417042_2204,truck
n03417042_22297,truck
n03417042_27497,truck
n03417042_28519,truck
n03417042_29384,truck
n03417042_3171,truck
n03417042_4462,truck
n03417042_4664,truck
n03417042_5249,truck
n03417042_5257,truck
n03417042_5576,truck
n03417042_7506,truck
n03417042_7682,truck
n03417042_8076,truck
n03417042_8295,truck
n03417042_9096,truck
n03417042_9480,truck
n03417042_9689,truck
n03417042_9693,truck
n03662601_10425,boat
n03662601_10528,boat
n03662601_10716,boat
n03662601_1197,boat
n03662601_12995,boat
n03662601_13715,boat
n03662601_2048,boat
n03662601_22726,boat
n03662601_27025,boat
n03662601_27165,boat
n03662601_30161,boat
n03662601_32251,boat
n03662601_326,boat
n03662601_33002,boat
n03662601_4255,boat
n03662601_4925,boat
n03662601_8406,boat
n03662601_8778,boat
n03662601_8787,boat
n03792782_10490,bicycle
n03792782_10929,bicycle
n03792782_11306,bicycle
n03792782_11921,bicycle
n03792782_12433,bicycle
n03792782_12752,bicycle
n03792782_14160,bicycle
n03792782_1442,bicycle
n03792782_14531,bicycle
n03792782_1466,bicycle
n03792782_1475,bicycle
n03792782_15431,bicycle
n03792782_16408,bicycle
n03792782_16433,bicycle
n03792782_176,bicycle
n03792782_18947,bicycle
n03792782_1933,bicycle
n03792782_20387,bicycle
n03792782_22856,bicycle
n03792782_24722,bicycle
n03792782_26306,bicycle
n03792782_32341,bicycle
n03792782_3385,bicycle
n03792782_35669,bicycle
n03792782_40466,bicycle
n03792782_4067,bicycle
n03792782_4210,bicycle
n03792782_44390,bicycle
n03792782_4927,bicycle
n03792782_51156,bicycle
n03792782_51686,bicycle
n03792782_52665,bicycle
n03792782_5405,bicycle
n03792782_6023,bicycle
n03792782_63173,bicycle
n03792782_65779,bicycle
n03792782_7667,bicycle
n03792782_8658,bicycle
n03792782_9354,bicycle
n03792782_9635,bicycle
n03796401_11076,truck
n03796401_16472,truck
n03796401_16603,truck
n03796401_1791,truck
n03796401_18139,truck
n03796401_19777,truck
n03796401_21290,truck
n03796401_23347,truck
n03796401_24543,truck
n03796401_2543,truck
n03796401_3376,truck
n03796401_3695,truck
n03796401_40,truck
n03796401_7104,truck
n03796401_7179,truck
n03796401_8037,truck
n03796401_8100,truck
n03796401_9219,truck
n03937543_10101,bottle
n03937543_11751,bottle
n03937543_1358,bottle
n03937543_2232,bottle
n03937543_2507,bottle
n03937543_3133,bottle
n03937543_3196,bottle
n03937543_3726,bottle
n03937543_4203,bottle
n03937543_5703,bottle
n03937543_668,bottle
n03937543_7520,bottle
n03937543_828,bottle
n03983396_10230,bottle
n03983396_10362,bottle
n03983396_1147,bottle
n03983396_11715,bottle
n03983396_13193,bottle
n03983396_14652,bottle
n03983396_17262,bottle
n03983396_21920,bottle
n03983396_2288,bottle
n03983396_5394,bottle
n03983396_7378,bottle
n03983396_8837,bottle
n03983396_899,bottle
n03983396_971,bottle
n04099969_1126,chair
n04099969_12913,chair
n04099969_13775,chair
n04099969_1527,chair
n04099969_17056,chair
n04099969_17404,chair
n04099969_1755,chair
n04099969_18254,chair
n04099969_23293,chair
n04099969_36200,chair
n04099969_381,chair
n04099969_4100,chair
n04099969_5190,chair
n04099969_6944,chair
n04099969_7545,chair
n04099969_8018,chair
n04099969_9194,chair
n04111531_1004,oven
n04111531_10216,oven
n04111531_10436,oven
n04111531_10555,oven
n04111531_10710,oven
n04111531_11589,oven
n04111531_11655,oven
n04111531_12450,oven
n04111531_12903,oven
n04111531_13391,oven
n04111531_13479,oven
n04111531_1362,oven
n04111531_14329,oven
n04111531_14934,oven
n04111531_16583,oven
n04111531_16696,oven
n04111531_1708,oven
n04111531_172,oven
n04111531_1794,oven
n04111531_2023,oven
n04111531_20429,oven
n04111531_2066,oven
n04111531_21822,oven
n04111531_21918,oven
n04111531_21963,oven
n04111531_22020,oven
n04111531_22120,oven
n04111531_22263,oven
n04111531_22291,oven
n04111531_22466,oven
n04111531_22563,oven
n04111531_23668,oven
n04111531_23830,oven
n04111531_2462,oven
n04111531_27,oven
n04111531_2937,oven
n04111531_3063,oven
n04111531_3076,oven
n04111531_3671,oven
n04111531_409,oven
n04111531_4116,oven
n04111531_4146,oven
n04111531_4155,oven
n04111531_4370,oven
n04111531_4585,oven
n04111531_4868,oven
n04111531_4879,oven
n04111531_4904,oven
n04111531_4939,oven
n04111531_505,oven
n04111531_5093,oven
n04111531_5168,oven
n04111531_523,oven
n04111531_5357,oven
n04111531_5643,oven
n04111531_5756,oven
n04111531_6609,oven
n04111531_7106,oven
n04111531_716,oven
n04111531_7283,oven
n04111531_7965,oven
n04111531_8009,oven
n04111531_807,oven
n04111531_8193,oven
n04111531_8263,oven
n04111531_8537,oven
n04111531_8658,oven
n04111531_8818,oven
n04111531_887,oven
n04111531_9026,oven
n04111531_9178,oven
n04111531_9611,oven
n04111531_9613,oven
n04111531_9910,oven
n04111531_9939,oven
n04273569_13641,boat
n04273569_17179,boat
n04273569_21470,boat
n04273569_3052,boat
n04273569_34117,boat
n04273569_3598,boat
n04273569_3897,boat
n04273569_4584,boat
n04273569_4772,boat
n04273569_5276,boat
n04273569_5593,boat
n04273569_5891,boat
n04273569_6707,boat
n04285008_11688,car
n04285008_11965,car
n04285008_12438,car
n04285008_13197,car
n04285008_14345,car
n04285008_15181,car
n04285008_16670,car
n04285008_16747,car
n04285008_4834,car
n04285008_5032,car
n04285008_6439,car
n04285008_6877,car
n04285008_7082,car
n04285008_7096,car
n04285008_7325,car
n04285008_7900,car
n04285008_7920,car
n04285008_8880,car
n04285008_8918,car
n04285008_901,car
n04285008_9774,car
n04429376_10128,chair
n04429376_17078,chair
n04429376_19103,chair
n04429376_22381,chair
n04429376_24073,chair
n04429376_27005,chair
n04429376_294,chair
n04429376_29463,chair
n04429376_45302,chair
n04429376_45669,chair
n04429376_52173,chair
n04429376_54538,chair
n04429376_54570,chair
n04429376_57425,chair
n04429376_7558,chair
n04429376_7892,chair
n04429376_8105,chair
n04429376_9517,chair
n04467665_1187,truck
n04467665_13225,truck
n04467665_17283,truck
n04467665_2,truck
n04467665_21603,truck
n04467665_2200,truck
n04467665_25130,truck
n04467665_3298,truck
n04467665_44850,truck
n04467665_45963,truck
n04467665_51054,truck
n04467665_55374,truck
n04467665_56933,truck
n04467665_58341,truck
n04467665_59160,truck
n04467665_61792,truck
n04467665_64402,truck
n04467665_66876,truck
n04467665_67081,truck
n04467665_67327,truck
n04467665_707,truck
n04467665_70988,truck
n04467665_71480,truck
n04467665_72639,truck
n04505470_10211,keyboard
n04505470_10786,keyboard
n04505470_1157,keyboard
n04505470_1551,keyboard
n04505470_206,keyboard
n04505470_207,keyboard
n04505470_2389,keyboard
n04505470_2540,keyboard
n04505470_26,keyboard
n04505470_2709,keyboard
n04505470_286,keyboard
n04505470_2909,keyboard
n04505470_3132,keyboard
n04505470_3261,keyboard
n04505470_3286,keyboard
n04505470_3433,keyboard
n04505470_3597,keyboard
n04505470_3615,keyboard
n04505470_3905,keyboard
n04505470_3957,keyboard
n04505470_4484,keyboard
n04505470_4486,keyboard
n04505470_4684,keyboard
n04505470_4724,keyboard
n04505470_4854,keyboard
n04505470_4978,keyboard
n04505470_4997,keyboard
n04505470_5007,keyboard
n04505470_5063,keyboard
n04505470_5561,keyboard
n04505470_6421,keyboard
n04505470_650,keyboard
n04505470_6955,keyboard
n04505470_7312,keyboard
n04505470_7721,keyboard
n04505470_7946,keyboard
n04505470_8018,keyboard
n04505470_8828,keyboard
n04548280_12615,clock
n04548280_1440,clock
n04548280_1947,clock
n04548280_2045,clock
n04548280_2091,clock
n04548280_2411,clock
n04548280_2989,clock
n04548280_3125,clock
n04548280_3531,clock
n04548280_4392,clock
n04548280_4582,clock
n04548280_5013,clock
n04548280_5068,clock
n04548280_541,clock
n04548280_5845,clock
n04548280_6290,clock
n04548280_711,clock
n04548280_7211,clock
n04548280_8225,clock
n04548280_8246,clock
n04548280_8510,clock
n04548280_8583,clock
n04548280_9121,clock
n04548280_9801,clock
n04548280_9867,clock
n04557648_12225,bottle
n04557648_23801,bottle
n04557648_2703,bottle
n04557648_310,bottle
n04557648_3679,bottle
n04557648_3729,bottle
n04557648_665,bottle
n04557648_9043,bottle
n04560804_1089,bottle
n04560804_11696,bottle
n04560804_13665,bottle
n04560804_14130,bottle
n04560804_14491,bottle
n04560804_14781,bottle
n04560804_154,bottle
n04560804_17045,bottle
n04560804_4138,bottle
n04560804_6469,bottle
n04579145_2046,bottle
n04579145_2276,bottle
n04579145_558,bottle
n04579145_6400,bottle
n04579145_6635,bottle
n04579145_7667,bottle
n04579145_934,bottle
n04591713_2032,bottle
n04591713_2043,bottle
n04591713_2052,bottle
n04591713_3608,bottle
n04591713_3894,bottle
n04591713_457,bottle
n04591713_5201,bottle
n04591713_6069,bottle
n04591713_6473,bottle
n04591713_6980,bottle
n04591713_7408,bottle
n04591713_906,bottle
n04612504_10725,boat
n04612504_12864,boat
n04612504_2129,boat
n04612504_2471,boat
n04612504_27571,boat
n04612504_37673,boat
n04612504_41457,boat
n04612504_4199,boat
n04612504_6380,boat
n04612504_8599,boat
